{
	"credit": "Made with Blockbench",
	"texture_size": [128, 128],
	"textures": {
		"14": "block/gray_glazed_terracotta",
		"particle": "block/gray_glazed_terracotta"
	},
	"elements": [
		{
			"from": [0, 0, 0],
			"to": [16, 0.5, 16],
			"faces": {
				"north": {"uv": [7.5, 1.5, 9.5, 1.5625], "texture": "#14"},
				"east": {"uv": [7.5, 1.625, 9.5, 1.6875], "texture": "#14"},
				"south": {"uv": [7.5, 1.75, 9.5, 1.8125], "texture": "#14"},
				"west": {"uv": [7.5, 1.875, 9.5, 1.9375], "texture": "#14"},
				"up": {"uv": [2, 2, 0, 0], "texture": "#14"},
				"down": {"uv": [2, 2, 0, 4], "texture": "#14"}
			}
		},
		{
			"from": [-16, 0, 0],
			"to": [0, 0.5, 16],
			"faces": {
				"north": {"uv": [7.5, 2, 9.5, 2.0625], "texture": "#14"},
				"east": {"uv": [7.5, 2.125, 9.5, 2.1875], "texture": "#14"},
				"south": {"uv": [7.5, 2.25, 9.5, 2.3125], "texture": "#14"},
				"west": {"uv": [7.5, 2.375, 9.5, 2.4375], "texture": "#14"},
				"up": {"uv": [4, 2, 2, 0], "texture": "#14"},
				"down": {"uv": [4, 2, 2, 4], "texture": "#14"}
			}
		},
		{
			"from": [16, 0, 0],
			"to": [32, 0.5, 16],
			"faces": {
				"north": {"uv": [7.5, 2.5, 9.5, 2.5625], "texture": "#14"},
				"east": {"uv": [7.5, 2.625, 9.5, 2.6875], "texture": "#14"},
				"south": {"uv": [7.5, 2.75, 9.5, 2.8125], "texture": "#14"},
				"west": {"uv": [7.5, 2.875, 9.5, 2.9375], "texture": "#14"},
				"up": {"uv": [2, 6, 0, 4], "texture": "#14"},
				"down": {"uv": [6, 0, 4, 2], "texture": "#14"}
			}
		},
		{
			"from": [-14, 0.5, 7],
			"to": [-12, 6.5, 9],
			"faces": {
				"north": {"uv": [1, 6, 1.25, 6.75], "texture": "#14"},
				"east": {"uv": [6, 1, 6.25, 1.75], "texture": "#14"},
				"south": {"uv": [1.25, 6, 1.5, 6.75], "texture": "#14"},
				"west": {"uv": [1.5, 6, 1.75, 6.75], "texture": "#14"},
				"up": {"uv": [5.25, 7.75, 5, 7.5], "texture": "#14"},
				"down": {"uv": [7.75, 5, 7.5, 5.25], "texture": "#14"}
			}
		},
		{
			"from": [-16, 6.5, 7],
			"to": [-14, 12.5, 9],
			"faces": {
				"north": {"uv": [1.75, 6, 2, 6.75], "texture": "#14"},
				"east": {"uv": [6, 1.75, 6.25, 2.5], "texture": "#14"},
				"south": {"uv": [6, 2.5, 6.25, 3.25], "texture": "#14"},
				"west": {"uv": [6, 3.25, 6.25, 4], "texture": "#14"},
				"up": {"uv": [5.5, 7.75, 5.25, 7.5], "texture": "#14"},
				"down": {"uv": [7.75, 5.25, 7.5, 5.5], "texture": "#14"}
			}
		},
		{
			"from": [-12, 0.5, 7],
			"to": [-10, 6.5, 9],
			"faces": {
				"north": {"uv": [4, 6, 4.25, 6.75], "texture": "#14"},
				"east": {"uv": [6, 4, 6.25, 4.75], "texture": "#14"},
				"south": {"uv": [4.25, 6, 4.5, 6.75], "texture": "#14"},
				"west": {"uv": [4.5, 6, 4.75, 6.75], "texture": "#14"},
				"up": {"uv": [5.75, 7.75, 5.5, 7.5], "texture": "#14"},
				"down": {"uv": [7.75, 5.5, 7.5, 5.75], "texture": "#14"}
			}
		},
		{
			"from": [-10, 6.5, 7],
			"to": [-8, 12.5, 9],
			"faces": {
				"north": {"uv": [4.75, 6, 5, 6.75], "texture": "#14"},
				"east": {"uv": [6, 4.75, 6.25, 5.5], "texture": "#14"},
				"south": {"uv": [5, 6, 5.25, 6.75], "texture": "#14"},
				"west": {"uv": [5.25, 6, 5.5, 6.75], "texture": "#14"},
				"up": {"uv": [6, 7.75, 5.75, 7.5], "texture": "#14"},
				"down": {"uv": [7.75, 5.75, 7.5, 6], "texture": "#14"}
			}
		},
		{
			"from": [-14, 6.5, 7],
			"to": [-10, 12.5, 9],
			"faces": {
				"north": {"uv": [2, 4, 2.5, 4.75], "texture": "#14"},
				"east": {"uv": [5.5, 6, 5.75, 6.75], "texture": "#14"},
				"south": {"uv": [4, 2, 4.5, 2.75], "texture": "#14"},
				"west": {"uv": [6, 5.5, 6.25, 6.25], "texture": "#14"},
				"up": {"uv": [1.5, 7.75, 1, 7.5], "texture": "#14"},
				"down": {"uv": [2, 7.5, 1.5, 7.75], "texture": "#14"}
			}
		},
		{
			"from": [-14, 12.5, 6],
			"to": [-10, 16.5, 10],
			"faces": {
				"north": {"uv": [2, 4.75, 2.5, 5.25], "texture": "#14"},
				"east": {"uv": [2.5, 4.75, 3, 5.25], "texture": "#14"},
				"south": {"uv": [3, 4.75, 3.5, 5.25], "texture": "#14"},
				"west": {"uv": [3.5, 4.75, 4, 5.25], "texture": "#14"},
				"up": {"uv": [5.5, 2.5, 5, 2], "texture": "#14"},
				"down": {"uv": [5.5, 2.5, 5, 3], "texture": "#14"}
			}
		},
		{
			"from": [-6, 0.5, 7],
			"to": [-4, 6.5, 9],
			"faces": {
				"north": {"uv": [5.75, 6, 6, 6.75], "texture": "#14"},
				"east": {"uv": [6.25, 1, 6.5, 1.75], "texture": "#14"},
				"south": {"uv": [6.25, 1.75, 6.5, 2.5], "texture": "#14"},
				"west": {"uv": [2, 6.25, 2.25, 7], "texture": "#14"},
				"up": {"uv": [7.75, 6.25, 7.5, 6], "texture": "#14"},
				"down": {"uv": [7.75, 6.25, 7.5, 6.5], "texture": "#14"}
			}
		},
		{
			"from": [-8, 6.5, 7],
			"to": [-6, 12.5, 9],
			"faces": {
				"north": {"uv": [2.25, 6.25, 2.5, 7], "texture": "#14"},
				"east": {"uv": [2.5, 6.25, 2.75, 7], "texture": "#14"},
				"south": {"uv": [6.25, 2.5, 6.5, 3.25], "texture": "#14"},
				"west": {"uv": [2.75, 6.25, 3, 7], "texture": "#14"},
				"up": {"uv": [6.75, 7.75, 6.5, 7.5], "texture": "#14"},
				"down": {"uv": [7.75, 6.5, 7.5, 6.75], "texture": "#14"}
			}
		},
		{
			"from": [-4, 0.5, 7],
			"to": [-2, 6.5, 9],
			"faces": {
				"north": {"uv": [3, 6.25, 3.25, 7], "texture": "#14"},
				"east": {"uv": [3.25, 6.25, 3.5, 7], "texture": "#14"},
				"south": {"uv": [6.25, 3.25, 6.5, 4], "texture": "#14"},
				"west": {"uv": [3.5, 6.25, 3.75, 7], "texture": "#14"},
				"up": {"uv": [7, 7.75, 6.75, 7.5], "texture": "#14"},
				"down": {"uv": [7.75, 6.75, 7.5, 7], "texture": "#14"}
			}
		},
		{
			"from": [-2, 6.5, 7],
			"to": [0, 12.5, 9],
			"faces": {
				"north": {"uv": [3.75, 6.25, 4, 7], "texture": "#14"},
				"east": {"uv": [6.25, 4, 6.5, 4.75], "texture": "#14"},
				"south": {"uv": [6.25, 4.75, 6.5, 5.5], "texture": "#14"},
				"west": {"uv": [6.25, 5.5, 6.5, 6.25], "texture": "#14"},
				"up": {"uv": [7.25, 7.75, 7, 7.5], "texture": "#14"},
				"down": {"uv": [7.75, 7, 7.5, 7.25], "texture": "#14"}
			}
		},
		{
			"from": [-6, 6.5, 7],
			"to": [-2, 12.5, 9],
			"faces": {
				"north": {"uv": [2.5, 4, 3, 4.75], "texture": "#14"},
				"east": {"uv": [6, 6.25, 6.25, 7], "texture": "#14"},
				"south": {"uv": [4, 2.75, 4.5, 3.5], "texture": "#14"},
				"west": {"uv": [6.25, 6.25, 6.5, 7], "texture": "#14"},
				"up": {"uv": [8, 3.25, 7.5, 3], "texture": "#14"},
				"down": {"uv": [8, 3.25, 7.5, 3.5], "texture": "#14"}
			}
		},
		{
			"from": [-6, 12.5, 6],
			"to": [-2, 16.5, 10],
			"faces": {
				"north": {"uv": [5, 3, 5.5, 3.5], "texture": "#14"},
				"east": {"uv": [5, 3.5, 5.5, 4], "texture": "#14"},
				"south": {"uv": [4, 5, 4.5, 5.5], "texture": "#14"},
				"west": {"uv": [5, 4, 5.5, 4.5], "texture": "#14"},
				"up": {"uv": [5, 5.5, 4.5, 5], "texture": "#14"},
				"down": {"uv": [5.5, 4.5, 5, 5], "texture": "#14"}
			}
		},
		{
			"from": [26, 0.5, 7],
			"to": [28, 6.5, 9],
			"faces": {
				"north": {"uv": [0, 6.5, 0.25, 7.25], "texture": "#14"},
				"east": {"uv": [6.5, 0, 6.75, 0.75], "texture": "#14"},
				"south": {"uv": [0.25, 6.5, 0.5, 7.25], "texture": "#14"},
				"west": {"uv": [0.5, 6.5, 0.75, 7.25], "texture": "#14"},
				"up": {"uv": [7.5, 7.75, 7.25, 7.5], "texture": "#14"},
				"down": {"uv": [7.75, 7.25, 7.5, 7.5], "texture": "#14"}
			}
		},
		{
			"from": [24, 6.5, 7],
			"to": [26, 12.5, 9],
			"faces": {
				"north": {"uv": [0.75, 6.5, 1, 7.25], "texture": "#14"},
				"east": {"uv": [6.5, 0.75, 6.75, 1.5], "texture": "#14"},
				"south": {"uv": [6.5, 1.5, 6.75, 2.25], "texture": "#14"},
				"west": {"uv": [6.5, 2.25, 6.75, 3], "texture": "#14"},
				"up": {"uv": [7.75, 7.75, 7.5, 7.5], "texture": "#14"},
				"down": {"uv": [8, 0, 7.75, 0.25], "texture": "#14"}
			}
		},
		{
			"from": [28, 0.5, 7],
			"to": [30, 6.5, 9],
			"faces": {
				"north": {"uv": [6.5, 3, 6.75, 3.75], "texture": "#14"},
				"east": {"uv": [6.5, 3.75, 6.75, 4.5], "texture": "#14"},
				"south": {"uv": [6.5, 4.5, 6.75, 5.25], "texture": "#14"},
				"west": {"uv": [6.5, 5.25, 6.75, 6], "texture": "#14"},
				"up": {"uv": [8, 0.5, 7.75, 0.25], "texture": "#14"},
				"down": {"uv": [8, 0.5, 7.75, 0.75], "texture": "#14"}
			}
		},
		{
			"from": [30, 6.5, 7],
			"to": [32, 12.5, 9],
			"faces": {
				"north": {"uv": [6.5, 6, 6.75, 6.75], "texture": "#14"},
				"east": {"uv": [6.75, 0, 7, 0.75], "texture": "#14"},
				"south": {"uv": [6.75, 0.75, 7, 1.5], "texture": "#14"},
				"west": {"uv": [1, 6.75, 1.25, 7.5], "texture": "#14"},
				"up": {"uv": [8, 1, 7.75, 0.75], "texture": "#14"},
				"down": {"uv": [1.25, 7.75, 1, 8], "texture": "#14"}
			}
		},
		{
			"from": [26, 6.5, 7],
			"to": [30, 12.5, 9],
			"faces": {
				"north": {"uv": [3, 4, 3.5, 4.75], "texture": "#14"},
				"east": {"uv": [1.25, 6.75, 1.5, 7.5], "texture": "#14"},
				"south": {"uv": [3.5, 4, 4, 4.75], "texture": "#14"},
				"west": {"uv": [1.5, 6.75, 1.75, 7.5], "texture": "#14"},
				"up": {"uv": [8, 3.75, 7.5, 3.5], "texture": "#14"},
				"down": {"uv": [8, 3.75, 7.5, 4], "texture": "#14"}
			}
		},
		{
			"from": [26, 12.5, 6],
			"to": [30, 16.5, 10],
			"faces": {
				"north": {"uv": [5, 5, 5.5, 5.5], "texture": "#14"},
				"east": {"uv": [2, 5.25, 2.5, 5.75], "texture": "#14"},
				"south": {"uv": [2.5, 5.25, 3, 5.75], "texture": "#14"},
				"west": {"uv": [3, 5.25, 3.5, 5.75], "texture": "#14"},
				"up": {"uv": [4, 5.75, 3.5, 5.25], "texture": "#14"},
				"down": {"uv": [6, 2, 5.5, 2.5], "texture": "#14"}
			}
		},
		{
			"from": [18, 0.5, 7],
			"to": [20, 6.5, 9],
			"faces": {
				"north": {"uv": [6.75, 1.5, 7, 2.25], "texture": "#14"},
				"east": {"uv": [1.75, 6.75, 2, 7.5], "texture": "#14"},
				"south": {"uv": [6.75, 2.25, 7, 3], "texture": "#14"},
				"west": {"uv": [6.75, 3, 7, 3.75], "texture": "#14"},
				"up": {"uv": [8, 1.25, 7.75, 1], "texture": "#14"},
				"down": {"uv": [1.5, 7.75, 1.25, 8], "texture": "#14"}
			}
		},
		{
			"from": [16, 6.5, 7],
			"to": [18, 12.5, 9],
			"faces": {
				"north": {"uv": [6.75, 3.75, 7, 4.5], "texture": "#14"},
				"east": {"uv": [4, 6.75, 4.25, 7.5], "texture": "#14"},
				"south": {"uv": [4.25, 6.75, 4.5, 7.5], "texture": "#14"},
				"west": {"uv": [4.5, 6.75, 4.75, 7.5], "texture": "#14"},
				"up": {"uv": [8, 1.5, 7.75, 1.25], "texture": "#14"},
				"down": {"uv": [1.75, 7.75, 1.5, 8], "texture": "#14"}
			}
		},
		{
			"from": [20, 0.5, 7],
			"to": [22, 6.5, 9],
			"faces": {
				"north": {"uv": [6.75, 4.5, 7, 5.25], "texture": "#14"},
				"east": {"uv": [4.75, 6.75, 5, 7.5], "texture": "#14"},
				"south": {"uv": [5, 6.75, 5.25, 7.5], "texture": "#14"},
				"west": {"uv": [5.25, 6.75, 5.5, 7.5], "texture": "#14"},
				"up": {"uv": [2, 8, 1.75, 7.75], "texture": "#14"},
				"down": {"uv": [2.25, 7.75, 2, 8], "texture": "#14"}
			}
		},
		{
			"from": [22, 6.5, 7],
			"to": [24, 12.5, 9],
			"faces": {
				"north": {"uv": [6.75, 5.25, 7, 6], "texture": "#14"},
				"east": {"uv": [5.5, 6.75, 5.75, 7.5], "texture": "#14"},
				"south": {"uv": [5.75, 6.75, 6, 7.5], "texture": "#14"},
				"west": {"uv": [6.75, 6, 7, 6.75], "texture": "#14"},
				"up": {"uv": [2.5, 8, 2.25, 7.75], "texture": "#14"},
				"down": {"uv": [2.75, 7.75, 2.5, 8], "texture": "#14"}
			}
		},
		{
			"from": [18, 6.5, 7],
			"to": [22, 12.5, 9],
			"faces": {
				"north": {"uv": [4, 3.5, 4.5, 4.25], "texture": "#14"},
				"east": {"uv": [6.5, 6.75, 6.75, 7.5], "texture": "#14"},
				"south": {"uv": [4, 4.25, 4.5, 5], "texture": "#14"},
				"west": {"uv": [6.75, 6.75, 7, 7.5], "texture": "#14"},
				"up": {"uv": [4.5, 7.75, 4, 7.5], "texture": "#14"},
				"down": {"uv": [8, 4, 7.5, 4.25], "texture": "#14"}
			}
		},
		{
			"from": [18, 12.5, 6],
			"to": [22, 16.5, 10],
			"faces": {
				"north": {"uv": [5.5, 2.5, 6, 3], "texture": "#14"},
				"east": {"uv": [5.5, 3, 6, 3.5], "texture": "#14"},
				"south": {"uv": [5.5, 3.5, 6, 4], "texture": "#14"},
				"west": {"uv": [4, 5.5, 4.5, 6], "texture": "#14"},
				"up": {"uv": [6, 4.5, 5.5, 4], "texture": "#14"},
				"down": {"uv": [5, 5.5, 4.5, 6], "texture": "#14"}
			}
		},
		{
			"from": [2, 0.5, 7],
			"to": [4, 6.5, 9],
			"faces": {
				"north": {"uv": [7, 0, 7.25, 0.75], "texture": "#14"},
				"east": {"uv": [7, 0.75, 7.25, 1.5], "texture": "#14"},
				"south": {"uv": [7, 1.5, 7.25, 2.25], "texture": "#14"},
				"west": {"uv": [2, 7, 2.25, 7.75], "texture": "#14"},
				"up": {"uv": [3, 8, 2.75, 7.75], "texture": "#14"},
				"down": {"uv": [3.25, 7.75, 3, 8], "texture": "#14"}
			}
		},
		{
			"from": [0, 6.5, 7],
			"to": [2, 12.5, 9],
			"faces": {
				"north": {"uv": [2.25, 7, 2.5, 7.75], "texture": "#14"},
				"east": {"uv": [7, 2.25, 7.25, 3], "texture": "#14"},
				"south": {"uv": [2.5, 7, 2.75, 7.75], "texture": "#14"},
				"west": {"uv": [2.75, 7, 3, 7.75], "texture": "#14"},
				"up": {"uv": [3.5, 8, 3.25, 7.75], "texture": "#14"},
				"down": {"uv": [3.75, 7.75, 3.5, 8], "texture": "#14"}
			}
		},
		{
			"from": [4, 0.5, 7],
			"to": [6, 6.5, 9],
			"faces": {
				"north": {"uv": [3, 7, 3.25, 7.75], "texture": "#14"},
				"east": {"uv": [7, 3, 7.25, 3.75], "texture": "#14"},
				"south": {"uv": [3.25, 7, 3.5, 7.75], "texture": "#14"},
				"west": {"uv": [3.5, 7, 3.75, 7.75], "texture": "#14"},
				"up": {"uv": [4, 8, 3.75, 7.75], "texture": "#14"},
				"down": {"uv": [4.25, 7.75, 4, 8], "texture": "#14"}
			}
		},
		{
			"from": [6, 6.5, 7],
			"to": [8, 12.5, 9],
			"faces": {
				"north": {"uv": [3.75, 7, 4, 7.75], "texture": "#14"},
				"east": {"uv": [7, 3.75, 7.25, 4.5], "texture": "#14"},
				"south": {"uv": [7, 4.5, 7.25, 5.25], "texture": "#14"},
				"west": {"uv": [7, 5.25, 7.25, 6], "texture": "#14"},
				"up": {"uv": [4.5, 8, 4.25, 7.75], "texture": "#14"},
				"down": {"uv": [4.75, 7.75, 4.5, 8], "texture": "#14"}
			}
		},
		{
			"from": [2, 6.5, 7],
			"to": [6, 12.5, 9],
			"faces": {
				"north": {"uv": [4.5, 2, 5, 2.75], "texture": "#14"},
				"east": {"uv": [6, 7, 6.25, 7.75], "texture": "#14"},
				"south": {"uv": [4.5, 2.75, 5, 3.5], "texture": "#14"},
				"west": {"uv": [7, 6, 7.25, 6.75], "texture": "#14"},
				"up": {"uv": [8, 4.5, 7.5, 4.25], "texture": "#14"},
				"down": {"uv": [5, 7.5, 4.5, 7.75], "texture": "#14"}
			}
		},
		{
			"from": [2, 12.5, 6],
			"to": [6, 16.5, 10],
			"faces": {
				"north": {"uv": [5.5, 4.5, 6, 5], "texture": "#14"},
				"east": {"uv": [5, 5.5, 5.5, 6], "texture": "#14"},
				"south": {"uv": [5.5, 5, 6, 5.5], "texture": "#14"},
				"west": {"uv": [5.5, 5.5, 6, 6], "texture": "#14"},
				"up": {"uv": [2.5, 6.25, 2, 5.75], "texture": "#14"},
				"down": {"uv": [3, 5.75, 2.5, 6.25], "texture": "#14"}
			}
		},
		{
			"from": [10, 0.5, 7],
			"to": [12, 6.5, 9],
			"faces": {
				"north": {"uv": [6.25, 7, 6.5, 7.75], "texture": "#14"},
				"east": {"uv": [7, 6.75, 7.25, 7.5], "texture": "#14"},
				"south": {"uv": [0, 7.25, 0.25, 8], "texture": "#14"},
				"west": {"uv": [7.25, 0, 7.5, 0.75], "texture": "#14"},
				"up": {"uv": [5, 8, 4.75, 7.75], "texture": "#14"},
				"down": {"uv": [5.25, 7.75, 5, 8], "texture": "#14"}
			}
		},
		{
			"from": [8, 6.5, 7],
			"to": [10, 12.5, 9],
			"faces": {
				"north": {"uv": [0.25, 7.25, 0.5, 8], "texture": "#14"},
				"east": {"uv": [0.5, 7.25, 0.75, 8], "texture": "#14"},
				"south": {"uv": [0.75, 7.25, 1, 8], "texture": "#14"},
				"west": {"uv": [7.25, 0.75, 7.5, 1.5], "texture": "#14"},
				"up": {"uv": [8, 5.25, 7.75, 5], "texture": "#14"},
				"down": {"uv": [5.5, 7.75, 5.25, 8], "texture": "#14"}
			}
		},
		{
			"from": [12, 0.5, 7],
			"to": [14, 6.5, 9],
			"faces": {
				"north": {"uv": [7.25, 1.5, 7.5, 2.25], "texture": "#14"},
				"east": {"uv": [7.25, 2.25, 7.5, 3], "texture": "#14"},
				"south": {"uv": [7.25, 3, 7.5, 3.75], "texture": "#14"},
				"west": {"uv": [7.25, 3.75, 7.5, 4.5], "texture": "#14"},
				"up": {"uv": [8, 5.5, 7.75, 5.25], "texture": "#14"},
				"down": {"uv": [5.75, 7.75, 5.5, 8], "texture": "#14"}
			}
		},
		{
			"from": [14, 6.5, 7],
			"to": [16, 12.5, 9],
			"faces": {
				"north": {"uv": [7.25, 4.5, 7.5, 5.25], "texture": "#14"},
				"east": {"uv": [7.25, 5.25, 7.5, 6], "texture": "#14"},
				"south": {"uv": [7.25, 6, 7.5, 6.75], "texture": "#14"},
				"west": {"uv": [7.25, 6.75, 7.5, 7.5], "texture": "#14"},
				"up": {"uv": [8, 5.75, 7.75, 5.5], "texture": "#14"},
				"down": {"uv": [6, 7.75, 5.75, 8], "texture": "#14"}
			}
		},
		{
			"from": [10, 6.5, 7],
			"to": [14, 12.5, 9],
			"faces": {
				"north": {"uv": [4.5, 3.5, 5, 4.25], "texture": "#14"},
				"east": {"uv": [7.5, 0, 7.75, 0.75], "texture": "#14"},
				"south": {"uv": [4.5, 4.25, 5, 5], "texture": "#14"},
				"west": {"uv": [7.5, 0.75, 7.75, 1.5], "texture": "#14"},
				"up": {"uv": [8, 4.75, 7.5, 4.5], "texture": "#14"},
				"down": {"uv": [8, 4.75, 7.5, 5], "texture": "#14"}
			}
		},
		{
			"from": [10, 12.5, 6],
			"to": [14, 16.5, 10],
			"faces": {
				"north": {"uv": [3, 5.75, 3.5, 6.25], "texture": "#14"},
				"east": {"uv": [3.5, 5.75, 4, 6.25], "texture": "#14"},
				"south": {"uv": [0, 6, 0.5, 6.5], "texture": "#14"},
				"west": {"uv": [6, 0, 6.5, 0.5], "texture": "#14"},
				"up": {"uv": [1, 6.5, 0.5, 6], "texture": "#14"},
				"down": {"uv": [6.5, 0.5, 6, 1], "texture": "#14"}
			}
		}
	],
	"display": {
		"thirdperson_righthand": {
			"rotation": [69, 0, 0],
			"translation": [-6, 0, 0]
		},
		"thirdperson_lefthand": {
			"rotation": [69, 0, 0],
			"translation": [-6, 0, 0]
		},
		"firstperson_righthand": {
			"rotation": [0, 180, 0],
			"translation": [-9, -0.25, 0],
			"scale": [0.6, 0.6, 0.6]
		},
		"firstperson_lefthand": {
			"translation": [-9, -0.25, 0],
			"scale": [0.6, 0.6, 0.6]
		},
		"ground": {
			"translation": [0, 8, 0]
		},
		"gui": {
			"rotation": [0, 180, 0],
			"scale": [1.12, 1.12, 1.12]
		},
		"head": {
			"translation": [0, -27, 0],
			"scale": [2, 2, 2]
		},
		"fixed": {
			"translation": [0, 0, -2],
			"scale": [0.42, 0.42, 0.42]
		}
	},
	"groups": [
		{
			"name": "group",
			"origin": [8, 8, 8],
			"color": 0,
			"children": [
				0,
				1,
				2,
				{
					"name": "おらふくん",
					"origin": [8, 8, 8],
					"color": 0,
					"children": [3, 4, 5, 6, 7, 8]
				},
				{
					"name": "おんりー",
					"origin": [8, 8, 8],
					"color": 0,
					"children": [9, 10, 11, 12, 13, 14]
				},
				{
					"name": "おおはらMEN",
					"origin": [8, 8, 8],
					"color": 0,
					"children": [15, 16, 17, 18, 19, 20]
				},
				{
					"name": "ネコおじ",
					"origin": [8, 8, 8],
					"color": 0,
					"children": [21, 22, 23, 24, 25, 26]
				},
				{
					"name": "ぼんじゅうる",
					"origin": [8, 8, 8],
					"color": 0,
					"children": [27, 28, 29, 30, 31, 32]
				},
				{
					"name": "ドズル",
					"origin": [8, 8, 8],
					"color": 0,
					"children": [33, 34, 35, 36, 37, 38]
				}
			]
		}
	]
}